title,subtitle,narrator,runtime,release,language,ratings,price,link
1. Never Finished,Unshackle Your Mind and Win the War Within,"Narrated by: David Goggins, Adam Skolnick, Jacqueline Gardner",Length: 11 hrs and 6 mins,Release date: 12-06-22,Language: English,"5 out of 5 stars
4,734 ratings",$24.95,https://www.audible.com/pd/Never-Finished-Audiobook/B0BJ34FWZ3?plink=pj5X6kMkaPteYpKn&ref=a_adblbests_c3_adblp13nbssp_1_1&pf_rd_p=4100380b-3e9d-4594-990a-9c93d1a8dac3&pf_rd_r=WB5NC44JBPZ4YAAVFXA6
2. The Light We Carry,Overcoming in Uncertain Times,Narrated by: Michelle Obama,Length: 9 hrs and 59 mins,Release date: 11-15-22,Language: English,"5 out of 5 stars
2,630 ratings",$35.00,https://www.audible.com/pd/The-Light-We-Carry-Audiobook/B0B5FP7Z48?plink=pj5X6kMkaPteYpKn&ref=a_adblbests_c3_adblp13nbssp_1_2&pf_rd_p=4100380b-3e9d-4594-990a-9c93d1a8dac3&pf_rd_r=WB5NC44JBPZ4YAAVFXA6
3. Atomic Habits,An Easy & Proven Way to Build Good Habits & Break Bad Ones,Narrated by: James Clear,Length: 5 hrs and 35 mins,Release date: 10-16-18,Language: English,"5 out of 5 stars
115,865 ratings",$16.72,https://www.audible.com/pd/Atomic-Habits-Audiobook/1524779261?plink=pj5X6kMkaPteYpKn&ref=a_adblbests_c3_adblp13nbssp_1_3&pf_rd_p=4100380b-3e9d-4594-990a-9c93d1a8dac3&pf_rd_r=WB5NC44JBPZ4YAAVFXA6
4. Fairy Tale,no subtitle,"Narrated by: Seth Numrich, Stephen King",Length: 24 hrs and 6 mins,Release date: 09-06-22,Language: English,"5 out of 5 stars
47,383 ratings",$26.90,https://www.audible.com/pd/Fairy-Tale-Audiobook/B09R62PV4B?plink=pj5X6kMkaPteYpKn&ref=a_adblbests_c3_adblp13nbssp_1_4&pf_rd_p=4100380b-3e9d-4594-990a-9c93d1a8dac3&pf_rd_r=WB5NC44JBPZ4YAAVFXA6
5. I'm Glad My Mom Died,no subtitle,Narrated by: Jennette McCurdy,Length: 6 hrs and 26 mins,Release date: 08-09-22,Language: English,"5 out of 5 stars
79,390 ratings",$13.99,https://www.audible.com/pd/Im-Glad-My-Mom-Died-Audiobook/B09VHWHJS2?plink=pj5X6kMkaPteYpKn&ref=a_adblbests_c3_adblp13nbssp_1_5&pf_rd_p=4100380b-3e9d-4594-990a-9c93d1a8dac3&pf_rd_r=WB5NC44JBPZ4YAAVFXA6
6. Lessons in Chemistry,A Novel,"Narrated by: Miranda Raison, Bonnie Garmus, Pandora Sykes",Length: 11 hrs and 55 mins,Release date: 04-05-22,Language: English,"4.5 out of 5 stars
11,476 ratings",$17.92,https://www.audible.com/pd/Lessons-in-Chemistry-Audiobook/0593507533?plink=pj5X6kMkaPteYpKn&ref=a_adblbests_c3_adblp13nbssp_1_6&pf_rd_p=4100380b-3e9d-4594-990a-9c93d1a8dac3&pf_rd_r=WB5NC44JBPZ4YAAVFXA6
7. The Boys from Biloxi,A Legal Thriller,Narrated by: Michael Beck,Length: 17 hrs and 22 mins,Release date: 10-18-22,Language: English,"4.5 out of 5 stars
6,259 ratings",$35.00,https://www.audible.com/pd/The-Boys-from-Biloxi-Audiobook/B09ZMX3NJ2?plink=pj5X6kMkaPteYpKn&ref=a_adblbests_c3_adblp13nbssp_1_7&pf_rd_p=4100380b-3e9d-4594-990a-9c93d1a8dac3&pf_rd_r=WB5NC44JBPZ4YAAVFXA6
8. It Starts with Us,A Novel,"Narrated by: Colin Donnell, Olivia Song",Length: 8 hrs and 41 mins,Release date: 10-18-22,Language: English,"4.5 out of 5 stars
20,711 ratings",$23.62,https://www.audible.com/pd/It-Starts-with-Us-Audiobook/B09SBP7MWN?plink=pj5X6kMkaPteYpKn&ref=a_adblbests_c3_adblp13nbssp_1_8&pf_rd_p=4100380b-3e9d-4594-990a-9c93d1a8dac3&pf_rd_r=WB5NC44JBPZ4YAAVFXA6
9. He Who Fights with Monsters 8,"A LitRPG Adventure (He Who Fights with Monsters, Book 8)",Narrated by: Heath Miller,Length: 18 hrs and 12 mins,Release date: 12-13-22,Language: English,"5 out of 5 stars
3,760 ratings",$59.99,https://www.audible.com/pd/He-Who-Fights-with-Monsters-8-Audiobook/B0BDMQN3S8?plink=pj5X6kMkaPteYpKn&ref=a_adblbests_c3_adblp13nbssp_1_9&pf_rd_p=4100380b-3e9d-4594-990a-9c93d1a8dac3&pf_rd_r=WB5NC44JBPZ4YAAVFXA6
10. Can't Hurt Me,Master Your Mind and Defy the Odds,"Narrated by: David Goggins, Adam Skolnick",Length: 13 hrs and 37 mins,Release date: 11-28-18,Language: English,"5 out of 5 stars
184,046 ratings",$24.95,https://www.audible.com/pd/Cant-Hurt-Me-Audiobook/B07KKMNZCH?plink=pj5X6kMkaPteYpKn&ref=a_adblbests_c3_adblp13nbssp_1_10&pf_rd_p=4100380b-3e9d-4594-990a-9c93d1a8dac3&pf_rd_r=WB5NC44JBPZ4YAAVFXA6
11. Spare,no subtitle,Narrated by: Prince Harry The Duke of Sussex,Length: Not Yet Known,Release date: 01-10-23,Language: English,Not rated yet,$50.40,https://www.audible.com/pd/Spare-Audiobook/B0BJ4X9D2F?plink=pj5X6kMkaPteYpKn&ref=a_adblbests_c3_adblp13nbssp_1_11&pf_rd_p=4100380b-3e9d-4594-990a-9c93d1a8dac3&pf_rd_r=WB5NC44JBPZ4YAAVFXA6
12. It Ends with Us,no subtitle,Narrated by: Olivia Song,Length: 11 hrs and 11 mins,Release date: 08-02-16,Language: English,"4.5 out of 5 stars
56,825 ratings",$13.49,https://www.audible.com/pd/It-Ends-with-Us-Audiobook/B01GGKQVFU?plink=pj5X6kMkaPteYpKn&ref=a_adblbests_c3_adblp13nbssp_1_12&pf_rd_p=4100380b-3e9d-4594-990a-9c93d1a8dac3&pf_rd_r=WB5NC44JBPZ4YAAVFXA6
13. Demon Copperhead,A Novel,Narrated by: Charlie Thurston,Length: 21 hrs and 3 mins,Release date: 10-18-22,Language: English,"5 out of 5 stars
3,318 ratings",$34.90,https://www.audible.com/pd/Demon-Copperhead-Audiobook/B09QH6P7X4?plink=pj5X6kMkaPteYpKn&ref=a_adblbests_c3_adblp13nbssp_1_13&pf_rd_p=4100380b-3e9d-4594-990a-9c93d1a8dac3&pf_rd_r=WB5NC44JBPZ4YAAVFXA6
"14. Friends, Lovers, and the Big Terrible Thing",A Memoir,Narrated by: Matthew Perry,Length: 8 hrs and 49 mins,Release date: 11-01-22,Language: English,"4.5 out of 5 stars
11,222 ratings",$20.37,https://www.audible.com/pd/Friends-Lovers-and-the-Big-Terrible-Thing-Audiobook/B09RQ4HRHN?plink=pj5X6kMkaPteYpKn&ref=a_adblbests_c3_adblp13nbssp_1_14&pf_rd_p=4100380b-3e9d-4594-990a-9c93d1a8dac3&pf_rd_r=WB5NC44JBPZ4YAAVFXA6
15. Shutter,no subtitle,Narrated by: Charley Flyte,Length: 8 hrs and 53 mins,Release date: 08-02-22,Language: English,"4.5 out of 5 stars
346 ratings",$24.49,https://www.audible.com/pd/Shutter-Audiobook/B0B1QV25WC?plink=pj5X6kMkaPteYpKn&ref=a_adblbests_c3_adblp13nbssp_1_15&pf_rd_p=4100380b-3e9d-4594-990a-9c93d1a8dac3&pf_rd_r=WB5NC44JBPZ4YAAVFXA6
16. Verity,no subtitle,"Narrated by: Vanessa Johansson, Amy Landon",Length: 8 hrs and 10 mins,Release date: 05-07-19,Language: English,"4.5 out of 5 stars
102,293 ratings",$19.95,https://www.audible.com/pd/Verity-Audiobook/B07Q769RZS?plink=pj5X6kMkaPteYpKn&ref=a_adblbests_c3_adblp13nbssp_1_16&pf_rd_p=4100380b-3e9d-4594-990a-9c93d1a8dac3&pf_rd_r=WB5NC44JBPZ4YAAVFXA6
17. Where the Crawdads Sing,no subtitle,Narrated by: Cassandra Campbell,Length: 12 hrs and 12 mins,Release date: 08-14-18,Language: English,"5 out of 5 stars
287,257 ratings",$17.92,https://www.audible.com/pd/Where-the-Crawdads-Sing-Audiobook/B07FSNSLZ1?plink=pj5X6kMkaPteYpKn&ref=a_adblbests_c3_adblp13nbssp_1_17&pf_rd_p=4100380b-3e9d-4594-990a-9c93d1a8dac3&pf_rd_r=WB5NC44JBPZ4YAAVFXA6
18. 12 Rules for Life,An Antidote to Chaos,Narrated by: Jordan B. Peterson,Length: 15 hrs and 40 mins,Release date: 01-23-18,Language: English,"4.5 out of 5 stars
85,999 ratings",$23.90,https://www.audible.com/pd/12-Rules-for-Life-Audiobook/B0797YBP7N?plink=pj5X6kMkaPteYpKn&ref=a_adblbests_c3_adblp13nbssp_1_18&pf_rd_p=4100380b-3e9d-4594-990a-9c93d1a8dac3&pf_rd_r=WB5NC44JBPZ4YAAVFXA6
19. Failure Mode,"Expeditionary Force, Book 15",Narrated by: R.C. Bray,Length: 19 hrs and 22 mins,Release date: 12-06-22,Language: English,"5 out of 5 stars
6,312 ratings",$59.99,https://www.audible.com/pd/Failure-Mode-Audiobook/B0BDNMLGFW?plink=pj5X6kMkaPteYpKn&ref=a_adblbests_c3_adblp13nbssp_1_19&pf_rd_p=4100380b-3e9d-4594-990a-9c93d1a8dac3&pf_rd_r=WB5NC44JBPZ4YAAVFXA6
"20. Harry Potter and the Sorcerer's Stone, Book 1",no subtitle,Narrated by: Jim Dale,Length: 8 hrs and 18 mins,Release date: 11-20-15,Language: English,"5 out of 5 stars
180,545 ratings",$29.99,https://www.audible.com/pd/Harry-Potter-and-the-Sorcerers-Stone-Book-1-Audiobook/B017V4IM1G?plink=pj5X6kMkaPteYpKn&ref=a_adblbests_c3_adblp13nbssp_1_20&pf_rd_p=4100380b-3e9d-4594-990a-9c93d1a8dac3&pf_rd_r=WB5NC44JBPZ4YAAVFXA6
21. The Subtle Art of Not Giving a F*ck,A Counterintuitive Approach to Living a Good Life,Narrated by: Roger Wayne,Length: 5 hrs and 17 mins,Release date: 09-13-16,Language: English,"4.5 out of 5 stars
165,569 ratings",$17.92,https://www.audible.com/pd/The-Subtle-Art-of-Not-Giving-a-F-ck-Audiobook/B01I28NFEE?plink=4DXmO9vlIPiqn9n6&ref=a_adblbests_c3_adblp13nbssp_2_1&pf_rd_p=4100380b-3e9d-4594-990a-9c93d1a8dac3&pf_rd_r=RQH2Q0DQSP0PFJ5GYKJZ
22. Greenlights,no subtitle,Narrated by: Matthew McConaughey,Length: 6 hrs and 42 mins,Release date: 10-20-20,Language: English,"5 out of 5 stars
158,313 ratings",$18.49,https://www.audible.com/pd/Greenlights-Audiobook/0593294181?plink=4DXmO9vlIPiqn9n6&ref=a_adblbests_c3_adblp13nbssp_2_2&pf_rd_p=4100380b-3e9d-4594-990a-9c93d1a8dac3&pf_rd_r=RQH2Q0DQSP0PFJ5GYKJZ
23. Remarkably Bright Creatures,A Novel,"Narrated by: Marin Ireland, Michael Urie",Length: 11 hrs and 16 mins,Release date: 05-03-22,Language: English,"5 out of 5 stars
13,275 ratings",$21.42,https://www.audible.com/pd/Remarkably-Bright-Creatures-Audiobook/B09DTFJ94X?plink=4DXmO9vlIPiqn9n6&ref=a_adblbests_c3_adblp13nbssp_2_3&pf_rd_p=4100380b-3e9d-4594-990a-9c93d1a8dac3&pf_rd_r=RQH2Q0DQSP0PFJ5GYKJZ
24. Mad Honey,A Novel,"Narrated by: Carrie Coon, Key Taw, Jodi Picoult, Jennifer Finn",Length: 15 hrs and 12 mins,Release date: 10-04-22,Language: English,"4.5 out of 5 stars
4,817 ratings",$23.90,https://www.audible.com/pd/Mad-Honey-Audiobook/B09QQVK1QV?plink=4DXmO9vlIPiqn9n6&ref=a_adblbests_c3_adblp13nbssp_2_4&pf_rd_p=4100380b-3e9d-4594-990a-9c93d1a8dac3&pf_rd_r=RQH2Q0DQSP0PFJ5GYKJZ
25. The Seven Husbands of Evelyn Hugo,A Novel,"Narrated by: Alma Cuervo, Julia Whelan, Robin Miles",Length: 12 hrs and 10 mins,Release date: 06-13-17,Language: English,"4.5 out of 5 stars
70,726 ratings",$16.72,https://www.audible.com/pd/The-Seven-Husbands-of-Evelyn-Hugo-Audiobook/B072359S7K?plink=4DXmO9vlIPiqn9n6&ref=a_adblbests_c3_adblp13nbssp_2_5&pf_rd_p=4100380b-3e9d-4594-990a-9c93d1a8dac3&pf_rd_r=RQH2Q0DQSP0PFJ5GYKJZ
26. The Body Keeps the Score,"Brain, Mind, and Body in the Healing of Trauma",Narrated by: Sean Pratt,Length: 16 hrs and 15 mins,Release date: 02-16-21,Language: English,"5 out of 5 stars
8,075 ratings",$20.42,https://www.audible.com/pd/The-Body-Keeps-the-Score-Audiobook/0593412702?plink=4DXmO9vlIPiqn9n6&ref=a_adblbests_c3_adblp13nbssp_2_6&pf_rd_p=4100380b-3e9d-4594-990a-9c93d1a8dac3&pf_rd_r=RQH2Q0DQSP0PFJ5GYKJZ
"27. Tomorrow, and Tomorrow, and Tomorrow",A Novel,"Narrated by: Jennifer Kim, Julian Cihi",Length: 13 hrs and 52 mins,Release date: 07-05-22,Language: English,"4.5 out of 5 stars
3,328 ratings",$17.92,https://www.audible.com/pd/Tomorrow-and-Tomorrow-and-Tomorrow-Audiobook/B09KD2RJ5H?plink=4DXmO9vlIPiqn9n6&ref=a_adblbests_c3_adblp13nbssp_2_7&pf_rd_p=4100380b-3e9d-4594-990a-9c93d1a8dac3&pf_rd_r=RQH2Q0DQSP0PFJ5GYKJZ
28. Desert Star,no subtitle,"Narrated by: Titus Welliver, Christine Lakin, Peter Giles",Length: 9 hrs and 37 mins,Release date: 11-08-22,Language: English,"5 out of 5 stars
5,582 ratings",$20.85,https://www.audible.com/pd/Desert-Star-Audiobook/B09X281DDX?plink=4DXmO9vlIPiqn9n6&ref=a_adblbests_c3_adblp13nbssp_2_8&pf_rd_p=4100380b-3e9d-4594-990a-9c93d1a8dac3&pf_rd_r=RQH2Q0DQSP0PFJ5GYKJZ
29. A World of Curiosities,A Novel,Narrated by: Robert Bathurst,Length: 13 hrs and 15 mins,Release date: 11-29-22,Language: English,"5 out of 5 stars
2,303 ratings",$31.18,https://www.audible.com/pd/A-World-of-Curiosities-Audiobook/B09ZBL55JD?plink=4DXmO9vlIPiqn9n6&ref=a_adblbests_c3_adblp13nbssp_2_9&pf_rd_p=4100380b-3e9d-4594-990a-9c93d1a8dac3&pf_rd_r=RQH2Q0DQSP0PFJ5GYKJZ
30. How to Win Friends & Influence People,no subtitle,Narrated by: Andrew MacMillan,Length: 7 hrs and 15 mins,Release date: 09-16-04,Language: English,"4.5 out of 5 stars
95,351 ratings",$16.72,https://www.audible.com/pd/How-to-Win-Friends-Influence-People-Audiobook/B002V5BV96?plink=4DXmO9vlIPiqn9n6&ref=a_adblbests_c3_adblp13nbssp_2_10&pf_rd_p=4100380b-3e9d-4594-990a-9c93d1a8dac3&pf_rd_r=RQH2Q0DQSP0PFJ5GYKJZ
"31. Harry Potter and the Chamber of Secrets, Book 2",no subtitle,Narrated by: Jim Dale,Length: 9 hrs and 3 mins,Release date: 11-20-15,Language: English,"5 out of 5 stars
126,222 ratings",$29.99,https://www.audible.com/pd/Harry-Potter-and-the-Chamber-of-Secrets-Book-2-Audiobook/B017V4IWVG?plink=4DXmO9vlIPiqn9n6&ref=a_adblbests_c3_adblp13nbssp_2_11&pf_rd_p=4100380b-3e9d-4594-990a-9c93d1a8dac3&pf_rd_r=RQH2Q0DQSP0PFJ5GYKJZ
32. Project Hail Mary,no subtitle,Narrated by: Ray Porter,Length: 16 hrs and 10 mins,Release date: 05-04-21,Language: English,"5 out of 5 stars
145,001 ratings",$29.95,https://www.audible.com/pd/Project-Hail-Mary-Audiobook/B08G9PRS1K?plink=4DXmO9vlIPiqn9n6&ref=a_adblbests_c3_adblp13nbssp_2_12&pf_rd_p=4100380b-3e9d-4594-990a-9c93d1a8dac3&pf_rd_r=RQH2Q0DQSP0PFJ5GYKJZ
33. Atlas of the Heart,Mapping Meaningful Connection and the Language of Human Experience,Narrated by: Brené Brown,Length: 8 hrs and 29 mins,Release date: 02-14-22,Language: English,"5 out of 5 stars
13,998 ratings",$23.90,https://www.audible.com/pd/Atlas-of-the-Heart-Audiobook/1984844261?plink=4DXmO9vlIPiqn9n6&ref=a_adblbests_c3_adblp13nbssp_2_13&pf_rd_p=4100380b-3e9d-4594-990a-9c93d1a8dac3&pf_rd_r=RQH2Q0DQSP0PFJ5GYKJZ
34. The Lost Metal,A Mistborn Novel,Narrated by: Michael Kramer,Length: 18 hrs and 46 mins,Release date: 11-15-22,Language: English,"5 out of 5 stars
6,567 ratings",$22.26,https://www.audible.com/pd/The-Lost-Metal-Audiobook/B09N446YK7?plink=4DXmO9vlIPiqn9n6&ref=a_adblbests_c3_adblp13nbssp_2_14&pf_rd_p=4100380b-3e9d-4594-990a-9c93d1a8dac3&pf_rd_r=RQH2Q0DQSP0PFJ5GYKJZ
35. What Happened to You?,"Conversations on Trauma, Resilience, and Healing","Narrated by: Bruce D. Perry, Oprah Winfrey",Length: 8 hrs and 27 mins,Release date: 04-27-21,Language: English,"5 out of 5 stars
18,770 ratings",$15.49,https://www.audible.com/pd/What-Happened-to-You-Audiobook/1250260639?plink=4DXmO9vlIPiqn9n6&ref=a_adblbests_c3_adblp13nbssp_2_15&pf_rd_p=4100380b-3e9d-4594-990a-9c93d1a8dac3&pf_rd_r=RQH2Q0DQSP0PFJ5GYKJZ
36. Kindred,no subtitle,Narrated by: Kim Staunton,Length: 10 hrs and 55 mins,Release date: 09-12-07,Language: English,"4.5 out of 5 stars
11,500 ratings",$29.37,https://www.audible.com/pd/Kindred-Audiobook/B002V1BKKK?plink=4DXmO9vlIPiqn9n6&ref=a_adblbests_c3_adblp13nbssp_2_16&pf_rd_p=4100380b-3e9d-4594-990a-9c93d1a8dac3&pf_rd_r=RQH2Q0DQSP0PFJ5GYKJZ
"37. Harry Potter and the Prisoner of Azkaban, Book 3",no subtitle,Narrated by: Jim Dale,Length: 11 hrs and 49 mins,Release date: 11-20-15,Language: English,"5 out of 5 stars
116,199 ratings",$29.99,https://www.audible.com/pd/Harry-Potter-and-the-Prisoner-of-Azkaban-Book-3-Audiobook/B017V4JA2Q?plink=4DXmO9vlIPiqn9n6&ref=a_adblbests_c3_adblp13nbssp_2_17&pf_rd_p=4100380b-3e9d-4594-990a-9c93d1a8dac3&pf_rd_r=RQH2Q0DQSP0PFJ5GYKJZ
38. The Maid,A Novel,Narrated by: Lauren Ambrose,Length: 9 hrs and 37 mins,Release date: 01-04-22,Language: English,"4.5 out of 5 stars
14,851 ratings",$17.92,https://www.audible.com/pd/The-Maid-Audiobook/B09FYKPTW5?plink=4DXmO9vlIPiqn9n6&ref=a_adblbests_c3_adblp13nbssp_2_18&pf_rd_p=4100380b-3e9d-4594-990a-9c93d1a8dac3&pf_rd_r=RQH2Q0DQSP0PFJ5GYKJZ
39. All Good People Here,A Novel,"Narrated by: Brittany Pressley, Karissa Vacker, Ashley Flowers",Length: 10 hrs and 35 mins,Release date: 08-16-22,Language: English,"4.5 out of 5 stars
19,843 ratings",$16.72,https://www.audible.com/pd/All-Good-People-Here-Audiobook/B09QQV2DLL?plink=4DXmO9vlIPiqn9n6&ref=a_adblbests_c3_adblp13nbssp_2_19&pf_rd_p=4100380b-3e9d-4594-990a-9c93d1a8dac3&pf_rd_r=RQH2Q0DQSP0PFJ5GYKJZ
"40. Harry Potter and the Goblet of Fire, Book 4",no subtitle,Narrated by: Jim Dale,Length: 20 hrs and 37 mins,Release date: 11-20-15,Language: English,"5 out of 5 stars
111,667 ratings",$44.99,https://www.audible.com/pd/Harry-Potter-and-the-Goblet-of-Fire-Book-4-Audiobook/B017V4NUPO?plink=4DXmO9vlIPiqn9n6&ref=a_adblbests_c3_adblp13nbssp_2_20&pf_rd_p=4100380b-3e9d-4594-990a-9c93d1a8dac3&pf_rd_r=RQH2Q0DQSP0PFJ5GYKJZ
41. Unfu*k Yourself,Get Out of Your Head and into Your Life,Narrated by: Gary John Bishop,Length: 3 hrs and 24 mins,Release date: 08-01-17,Language: English,"4.5 out of 5 stars
81,866 ratings",$14.49,https://www.audible.com/pd/Unfu-k-Yourself-Audiobook/B0731R4RFX?plink=4DXmO9vlIPiqn9n6&ref=a_adblbests_c3_adblp13nbssp_3_1&pf_rd_p=4100380b-3e9d-4594-990a-9c93d1a8dac3&pf_rd_r=GR1E5YEPGQYQ17NG3CPW
42. The Mountain Is You,Transforming Self-Sabotage into Self-Mastery,Narrated by: Stacey Glemboski,Length: 5 hrs and 44 mins,Release date: 04-01-22,Language: English,"5 out of 5 stars
2,450 ratings",$19.95,https://www.audible.com/pd/The-Mountain-Is-You-Audiobook/B09WY6Z8KD?plink=4DXmO9vlIPiqn9n6&ref=a_adblbests_c3_adblp13nbssp_3_2&pf_rd_p=4100380b-3e9d-4594-990a-9c93d1a8dac3&pf_rd_r=GR1E5YEPGQYQ17NG3CPW
"43. Harry Potter and the Order of the Phoenix, Book 5",no subtitle,Narrated by: Jim Dale,Length: 26 hrs and 29 mins,Release date: 11-20-15,Language: English,"5 out of 5 stars
103,644 ratings",$44.99,https://www.audible.com/pd/Harry-Potter-and-the-Order-of-the-Phoenix-Book-5-Audiobook/B017V4NMX4?plink=4DXmO9vlIPiqn9n6&ref=a_adblbests_c3_adblp13nbssp_3_3&pf_rd_p=4100380b-3e9d-4594-990a-9c93d1a8dac3&pf_rd_r=GR1E5YEPGQYQ17NG3CPW
44. Finding Me,A Memoir,Narrated by: Viola Davis,Length: 9 hrs and 15 mins,Release date: 04-26-22,Language: English,"5 out of 5 stars
27,079 ratings",$21.42,https://www.audible.com/pd/Finding-Me-Audiobook/B09F4X96MC?plink=4DXmO9vlIPiqn9n6&ref=a_adblbests_c3_adblp13nbssp_3_4&pf_rd_p=4100380b-3e9d-4594-990a-9c93d1a8dac3&pf_rd_r=GR1E5YEPGQYQ17NG3CPW
45. No Plan B,A Jack Reacher Novel,Narrated by: Scott Brick,Length: 11 hrs and 3 mins,Release date: 10-25-22,Language: English,"4.5 out of 5 stars
4,491 ratings",$35.00,https://www.audible.com/pd/No-Plan-B-Audiobook/B09PNTZFFY?plink=4DXmO9vlIPiqn9n6&ref=a_adblbests_c3_adblp13nbssp_3_5&pf_rd_p=4100380b-3e9d-4594-990a-9c93d1a8dac3&pf_rd_r=GR1E5YEPGQYQ17NG3CPW
46. Discipline Is Destiny,The Power of Self-Control,Narrated by: Ryan Holiday,Length: 7 hrs and 17 mins,Release date: 09-27-22,Language: English,"5 out of 5 stars
2,572 ratings",$28.00,https://www.audible.com/pd/Discipline-Is-Destiny-Audiobook/B09SKSKTQP?plink=4DXmO9vlIPiqn9n6&ref=a_adblbests_c3_adblp13nbssp_3_6&pf_rd_p=4100380b-3e9d-4594-990a-9c93d1a8dac3&pf_rd_r=GR1E5YEPGQYQ17NG3CPW
47. The Four Agreements,no subtitle,Narrated by: Peter Coyote,Length: 2 hrs and 31 mins,Release date: 01-27-05,Language: English,"5 out of 5 stars
52,458 ratings",$14.95,https://www.audible.com/pd/The-Four-Agreements-Audiobook/B002VA3GJO?plink=4DXmO9vlIPiqn9n6&ref=a_adblbests_c3_adblp13nbssp_3_7&pf_rd_p=4100380b-3e9d-4594-990a-9c93d1a8dac3&pf_rd_r=GR1E5YEPGQYQ17NG3CPW
"48. Harry Potter and the Half-Blood Prince, Book 6",no subtitle,Narrated by: Jim Dale,Length: 18 hrs and 32 mins,Release date: 11-20-15,Language: English,"5 out of 5 stars
97,329 ratings",$44.99,https://www.audible.com/pd/Harry-Potter-and-the-Half-Blood-Prince-Book-6-Audiobook/B017V4NOZ0?plink=4DXmO9vlIPiqn9n6&ref=a_adblbests_c3_adblp13nbssp_3_8&pf_rd_p=4100380b-3e9d-4594-990a-9c93d1a8dac3&pf_rd_r=GR1E5YEPGQYQ17NG3CPW
"49. Harry Potter and the Deathly Hallows, Book 7",no subtitle,Narrated by: Jim Dale,Length: 21 hrs and 37 mins,Release date: 11-20-15,Language: English,"5 out of 5 stars
136,888 ratings",$44.99,https://www.audible.com/pd/Harry-Potter-and-the-Deathly-Hallows-Book-7-Audiobook/B017WJ5ZK6?plink=4DXmO9vlIPiqn9n6&ref=a_adblbests_c3_adblp13nbssp_3_9&pf_rd_p=4100380b-3e9d-4594-990a-9c93d1a8dac3&pf_rd_r=GR1E5YEPGQYQ17NG3CPW
50. The Quarry Girls,A Thriller,Narrated by: Jess Nahikian,Length: 10 hrs and 2 mins,Release date: 11-01-22,Language: English,"4.5 out of 5 stars
1,378 ratings",$30.09,https://www.audible.com/pd/The-Quarry-Girls-Audiobook/B09QDWLRYB?plink=4DXmO9vlIPiqn9n6&ref=a_adblbests_c3_adblp13nbssp_3_10&pf_rd_p=4100380b-3e9d-4594-990a-9c93d1a8dac3&pf_rd_r=GR1E5YEPGQYQ17NG3CPW
51. 48 Laws of Power,no subtitle,Narrated by: Richard Poe,Length: 23 hrs and 6 mins,Release date: 05-01-15,Language: English,"4.5 out of 5 stars
21,395 ratings",$14.95,https://www.audible.com/pd/48-Laws-of-Power-Audiobook/B00WYDJ2YQ?plink=4DXmO9vlIPiqn9n6&ref=a_adblbests_c3_adblp13nbssp_3_11&pf_rd_p=4100380b-3e9d-4594-990a-9c93d1a8dac3&pf_rd_r=GR1E5YEPGQYQ17NG3CPW
52. Extreme Ownership,How U.S. Navy SEALs Lead and Win,"Narrated by: Jocko Willink, Leif Babin",Length: 9 hrs and 33 mins,Release date: 10-19-15,Language: English,"5 out of 5 stars
71,445 ratings",$15.22,https://www.audible.com/pd/Extreme-Ownership-Audiobook/B015TVHUA2?plink=4DXmO9vlIPiqn9n6&ref=a_adblbests_c3_adblp13nbssp_3_12&pf_rd_p=4100380b-3e9d-4594-990a-9c93d1a8dac3&pf_rd_r=GR1E5YEPGQYQ17NG3CPW
53. Surrender,"40 Songs, One Story",Narrated by: Bono,Length: 20 hrs and 25 mins,Release date: 11-01-22,Language: English,"5 out of 5 stars
1,508 ratings",$26.67,https://www.audible.com/pd/Surrender-Audiobook/B09ZK5B962?plink=4DXmO9vlIPiqn9n6&ref=a_adblbests_c3_adblp13nbssp_3_13&pf_rd_p=4100380b-3e9d-4594-990a-9c93d1a8dac3&pf_rd_r=GR1E5YEPGQYQ17NG3CPW
54. A Game of Thrones,"A Song of Ice and Fire, Book 1",Narrated by: Roy Dotrice,Length: 33 hrs and 46 mins,Release date: 12-09-03,Language: English,"5 out of 5 stars
140,839 ratings",$36.90,https://www.audible.com/pd/A-Game-of-Thrones-Audiobook/B002UZZ93G?plink=4DXmO9vlIPiqn9n6&ref=a_adblbests_c3_adblp13nbssp_3_14&pf_rd_p=4100380b-3e9d-4594-990a-9c93d1a8dac3&pf_rd_r=GR1E5YEPGQYQ17NG3CPW
55. Local Woman Missing,no subtitle,"Narrated by: Brittany Pressley, Jennifer Jill Araya, Gary Tiedemann, Jesse Vilinsky",Length: 11 hrs and 40 mins,Release date: 05-18-21,Language: English,"4.5 out of 5 stars
22,620 ratings",$15.44,https://www.audible.com/pd/Local-Woman-Missing-Audiobook/1488211698?plink=4DXmO9vlIPiqn9n6&ref=a_adblbests_c3_adblp13nbssp_3_15&pf_rd_p=4100380b-3e9d-4594-990a-9c93d1a8dac3&pf_rd_r=GR1E5YEPGQYQ17NG3CPW
56. A Court of Thorns and Roses,no subtitle,Narrated by: Jennifer Ikeda,Length: 16 hrs and 7 mins,Release date: 05-05-15,Language: English,"4.5 out of 5 stars
32,237 ratings",$31.49,https://www.audible.com/pd/A-Court-of-Thorns-and-Roses-Audiobook/B00WRHY15Y?plink=4DXmO9vlIPiqn9n6&ref=a_adblbests_c3_adblp13nbssp_3_16&pf_rd_p=4100380b-3e9d-4594-990a-9c93d1a8dac3&pf_rd_r=GR1E5YEPGQYQ17NG3CPW
57. Tom Clancy Red Winter,"A Jack Ryan Novel, Book 22",Narrated by: Scott Brick,Length: 12 hrs and 37 mins,Release date: 12-06-22,Language: English,"4.5 out of 5 stars
460 ratings",$35.00,https://www.audible.com/pd/Tom-Clancy-Red-Winter-Audiobook/B09VMYFH24?plink=4DXmO9vlIPiqn9n6&ref=a_adblbests_c3_adblp13nbssp_3_17&pf_rd_p=4100380b-3e9d-4594-990a-9c93d1a8dac3&pf_rd_r=GR1E5YEPGQYQ17NG3CPW
58. Rich Dad Poor Dad: 20th Anniversary Edition,What the Rich Teach Their Kids About Money That the Poor and Middle Class Do Not!,Narrated by: Tom Parks,Length: 8 hrs and 22 mins,Release date: 05-14-19,Language: English,"5 out of 5 stars
14,331 ratings",$12.99,https://www.audible.com/pd/Rich-Dad-Poor-Dad-20th-Anniversary-Edition-Audiobook/197869167X?plink=4DXmO9vlIPiqn9n6&ref=a_adblbests_c3_adblp13nbssp_3_18&pf_rd_p=4100380b-3e9d-4594-990a-9c93d1a8dac3&pf_rd_r=GR1E5YEPGQYQ17NG3CPW
59. Dune,no subtitle,"Narrated by: Scott Brick, Orlagh Cassidy, Euan Morton, Simon Vance, Ilyana Kadushin, Byron Jennings, David R. Gordon, Jason Culp, Kent Broadhurst, Oliver Wyman, Patricia Kilgarriff, Scott Sowers",Length: 21 hrs and 2 mins,Release date: 12-31-06,Language: English,"4.5 out of 5 stars
111,609 ratings",$34.90,https://www.audible.com/pd/Dune-Audiobook/B002V1OF70?plink=4DXmO9vlIPiqn9n6&ref=a_adblbests_c3_adblp13nbssp_3_19&pf_rd_p=4100380b-3e9d-4594-990a-9c93d1a8dac3&pf_rd_r=GR1E5YEPGQYQ17NG3CPW
60. Never Split the Difference,Negotiating as if Your Life Depended on It,Narrated by: Michael Kramer,Length: 8 hrs and 7 mins,Release date: 05-17-16,Language: English,"5 out of 5 stars
60,378 ratings",$23.90,https://www.audible.com/pd/Never-Split-the-Difference-Audiobook/B01CF5O89G?plink=4DXmO9vlIPiqn9n6&ref=a_adblbests_c3_adblp13nbssp_3_20&pf_rd_p=4100380b-3e9d-4594-990a-9c93d1a8dac3&pf_rd_r=GR1E5YEPGQYQ17NG3CPW
61. The Myth of Normal,"Trauma, Illness, and Healing in a Toxic Culture",Narrated by: Daniel Maté,Length: 18 hrs and 12 mins,Release date: 09-13-22,Language: English,"4.5 out of 5 stars
984 ratings",$35.00,https://www.audible.com/pd/The-Myth-of-Normal-Audiobook/059340968X?plink=OuVyXdtGh4hysXVS&ref=a_adblbests_c3_adblp13nbssp_4_1&pf_rd_p=4100380b-3e9d-4594-990a-9c93d1a8dac3&pf_rd_r=CAN490V5TSQHN2WN31EV
62. The Silent Patient,no subtitle,"Narrated by: Jack Hawkins, Louise Brealey",Length: 8 hrs and 51 mins,Release date: 02-05-19,Language: English,"4.5 out of 5 stars
69,841 ratings",$20.90,https://www.audible.com/pd/The-Silent-Patient-Audiobook/1250317533?plink=OuVyXdtGh4hysXVS&ref=a_adblbests_c3_adblp13nbssp_4_2&pf_rd_p=4100380b-3e9d-4594-990a-9c93d1a8dac3&pf_rd_r=CAN490V5TSQHN2WN31EV
63. The 7 Habits of Highly Effective People,Powerful Lessons in Personal Change,Narrated by: Stephen R. Covey,Length: 13 hrs and 4 mins,Release date: 12-28-03,Language: English,"4.5 out of 5 stars
38,356 ratings",$16.95,https://www.audible.com/pd/The-7-Habits-of-Highly-Effective-People-Audiobook/B002V5HAL4?plink=OuVyXdtGh4hysXVS&ref=a_adblbests_c3_adblp13nbssp_4_3&pf_rd_p=4100380b-3e9d-4594-990a-9c93d1a8dac3&pf_rd_r=CAN490V5TSQHN2WN31EV
64. The Chronicles of Narnia Complete Audio Collection,no subtitle,"Narrated by: Kenneth Branagh, Alex Jennings, Michael York, Lynn Redgrave, Derek Jacobi, Jeremy Northam, Patrick Stewart",Length: 33 hrs and 45 mins,Release date: 12-27-19,Language: English,"5 out of 5 stars
12,671 ratings",$47.90,https://www.audible.com/pd/The-Chronicles-of-Narnia-Adult-Box-Set-Audiobook/0061999881?plink=OuVyXdtGh4hysXVS&ref=a_adblbests_c3_adblp13nbssp_4_4&pf_rd_p=4100380b-3e9d-4594-990a-9c93d1a8dac3&pf_rd_r=CAN490V5TSQHN2WN31EV
65. The Sandman: Act III,no subtitle,"Narrated by: Neil Gaiman, James McAvoy, K.J. Apa, Kat Dennings, Shruti Haasan, David Harewood, Regé-Jean Page, Kristen Schaal, Wil Wheaton",Length: 11 hrs and 32 mins,Release date: 09-28-22,Language: English,"5 out of 5 stars
6,338 ratings",$34.95,https://www.audible.com/pd/The-Sandman-Act-III-Audiobook/B0BFK1K36D?plink=OuVyXdtGh4hysXVS&ref=a_adblbests_c3_adblp13nbssp_4_5&pf_rd_p=4100380b-3e9d-4594-990a-9c93d1a8dac3&pf_rd_r=CAN490V5TSQHN2WN31EV
66. The Psychology of Money,"Timeless Lessons on Wealth, Greed, and Happiness",Narrated by: Chris Hill,Length: 5 hrs and 48 mins,Release date: 09-08-20,Language: English,"5 out of 5 stars
15,070 ratings",$19.95,https://www.audible.com/pd/The-Psychology-of-Money-Audiobook/B08D9TXF3H?plink=OuVyXdtGh4hysXVS&ref=a_adblbests_c3_adblp13nbssp_4_6&pf_rd_p=4100380b-3e9d-4594-990a-9c93d1a8dac3&pf_rd_r=CAN490V5TSQHN2WN31EV
67. The Golden Couple,A Novel,"Narrated by: Karissa Vacker, Marin Ireland",Length: 11 hrs and 3 mins,Release date: 03-08-22,Language: English,"4.5 out of 5 stars
22,658 ratings",$17.92,https://www.audible.com/pd/The-Golden-Couple-Audiobook/1250835623?plink=OuVyXdtGh4hysXVS&ref=a_adblbests_c3_adblp13nbssp_4_7&pf_rd_p=4100380b-3e9d-4594-990a-9c93d1a8dac3&pf_rd_r=CAN490V5TSQHN2WN31EV
68. The Power of Now,A Guide to Spiritual Enlightenment,Narrated by: Eckhart Tolle,Length: 7 hrs and 37 mins,Release date: 12-31-00,Language: English,"4.5 out of 5 stars
37,188 ratings",$20.97,https://www.audible.com/pd/The-Power-of-Now-Audiobook/B002V0PN36?plink=OuVyXdtGh4hysXVS&ref=a_adblbests_c3_adblp13nbssp_4_8&pf_rd_p=4100380b-3e9d-4594-990a-9c93d1a8dac3&pf_rd_r=CAN490V5TSQHN2WN31EV
69. Our Missing Hearts,A Novel,"Narrated by: Lucy Liu, Celeste Ng",Length: 9 hrs and 51 mins,Release date: 10-04-22,Language: English,"4.5 out of 5 stars
2,285 ratings",$35.00,https://www.audible.com/pd/Our-Missing-Hearts-Audiobook/B09QH255KD?plink=OuVyXdtGh4hysXVS&ref=a_adblbests_c3_adblp13nbssp_4_9&pf_rd_p=4100380b-3e9d-4594-990a-9c93d1a8dac3&pf_rd_r=CAN490V5TSQHN2WN31EV
70. Born a Crime,Stories from a South African Childhood,Narrated by: Trevor Noah,Length: 8 hrs and 44 mins,Release date: 11-15-16,Language: English,"5 out of 5 stars
206,501 ratings",$24.95,https://www.audible.com/pd/Born-a-Crime-Audiobook/B01IW9TQPK?plink=OuVyXdtGh4hysXVS&ref=a_adblbests_c3_adblp13nbssp_4_10&pf_rd_p=4100380b-3e9d-4594-990a-9c93d1a8dac3&pf_rd_r=CAN490V5TSQHN2WN31EV
71. He Who Fights with Monsters: A LitRPG Adventure,"He Who Fights with Monsters, Book 1",Narrated by: Heath Miller,Length: 28 hrs and 56 mins,Release date: 03-09-21,Language: English,"5 out of 5 stars
26,586 ratings",$59.99,https://www.audible.com/pd/He-Who-Fights-with-Monsters-A-LitRPG-Adventure-Audiobook/1774248182?plink=OuVyXdtGh4hysXVS&ref=a_adblbests_c3_adblp13nbssp_4_11&pf_rd_p=4100380b-3e9d-4594-990a-9c93d1a8dac3&pf_rd_r=CAN490V5TSQHN2WN31EV
72. Ugly Love,no subtitle,"Narrated by: Grace Grant, Deacon Lee",Length: 9 hrs and 14 mins,Release date: 08-05-14,Language: English,"4.5 out of 5 stars
24,278 ratings",$13.99,https://www.audible.com/pd/Ugly-Love-Audiobook/B00LPQUNF0?plink=OuVyXdtGh4hysXVS&ref=a_adblbests_c3_adblp13nbssp_4_12&pf_rd_p=4100380b-3e9d-4594-990a-9c93d1a8dac3&pf_rd_r=CAN490V5TSQHN2WN31EV
73. He Who Fights with Monsters 9,"A LitRPG Adventure (He Who Fights with Monsters, Book 9)",Narrated by: Heath Miller,Length: 30 hrs and 20 mins,Release date: 04-18-23,Language: English,Not rated yet,$59.99,https://www.audible.com/pd/He-Who-Fights-with-Monsters-9-Audiobook/B0BMCNHHWN?plink=OuVyXdtGh4hysXVS&ref=a_adblbests_c3_adblp13nbssp_4_13&pf_rd_p=4100380b-3e9d-4594-990a-9c93d1a8dac3&pf_rd_r=CAN490V5TSQHN2WN31EV
74. Think and Grow Rich,no subtitle,Narrated by: Erik Synnestvedt,Length: 9 hrs and 35 mins,Release date: 10-16-07,Language: English,"4.5 out of 5 stars
29,658 ratings",$24.95,https://www.audible.com/pd/Think-and-Grow-Rich-Audiobook/B002V5D950?plink=OuVyXdtGh4hysXVS&ref=a_adblbests_c3_adblp13nbssp_4_14&pf_rd_p=4100380b-3e9d-4594-990a-9c93d1a8dac3&pf_rd_r=CAN490V5TSQHN2WN31EV
75. Reminders of Him,A Novel,"Narrated by: Brittany Pressley, Ryan West",Length: 10 hrs and 17 mins,Release date: 01-18-22,Language: English,"4.5 out of 5 stars
27,431 ratings",$30.09,https://www.audible.com/pd/Reminders-of-Him-Audiobook/1713641380?plink=OuVyXdtGh4hysXVS&ref=a_adblbests_c3_adblp13nbssp_4_15&pf_rd_p=4100380b-3e9d-4594-990a-9c93d1a8dac3&pf_rd_r=CAN490V5TSQHN2WN31EV
76. Becoming,no subtitle,Narrated by: Michelle Obama,Length: 19 hrs and 3 mins,Release date: 11-13-18,Language: English,"5 out of 5 stars
178,428 ratings",$23.90,https://www.audible.com/pd/Becoming-Audiobook/B07B3BCZ9S?plink=OuVyXdtGh4hysXVS&ref=a_adblbests_c3_adblp13nbssp_4_16&pf_rd_p=4100380b-3e9d-4594-990a-9c93d1a8dac3&pf_rd_r=CAN490V5TSQHN2WN31EV
77. The Choice,"The Dragon Heart Legacy, Book 3",Narrated by: Barrie Kreinik,Length: 15 hrs and 18 mins,Release date: 11-22-22,Language: English,"5 out of 5 stars
3,105 ratings",$31.18,https://www.audible.com/pd/The-Choice-Audiobook/B09Q7CP5GV?plink=OuVyXdtGh4hysXVS&ref=a_adblbests_c3_adblp13nbssp_4_17&pf_rd_p=4100380b-3e9d-4594-990a-9c93d1a8dac3&pf_rd_r=CAN490V5TSQHN2WN31EV
78. Sapiens,A Brief History of Humankind,Narrated by: Derek Perkins,Length: 15 hrs and 18 mins,Release date: 08-15-17,Language: English,"4.5 out of 5 stars
52,087 ratings",$16.00,https://www.audible.com/pd/Sapiens-Audiobook/B0741G911Q?plink=OuVyXdtGh4hysXVS&ref=a_adblbests_c3_adblp13nbssp_4_18&pf_rd_p=4100380b-3e9d-4594-990a-9c93d1a8dac3&pf_rd_r=CAN490V5TSQHN2WN31EV
79. Long Shadows,no subtitle,"Narrated by: Kyf Brewer, Orlagh Cassidy",Length: 12 hrs and 3 mins,Release date: 10-11-22,Language: English,"4.5 out of 5 stars
5,241 ratings",$31.93,https://www.audible.com/pd/Long-Shadows-Audiobook/B0B29G6NWN?plink=OuVyXdtGh4hysXVS&ref=a_adblbests_c3_adblp13nbssp_4_19&pf_rd_p=4100380b-3e9d-4594-990a-9c93d1a8dac3&pf_rd_r=CAN490V5TSQHN2WN31EV
80. Connection Unknown,"Builder's Legacy, Book 1",Narrated by: Travis Baldree,Length: 17 hrs and 4 mins,Release date: 06-28-22,Language: English,"4.5 out of 5 stars
182 ratings",$24.95,https://www.audible.com/pd/Connection-Unknown-Audiobook/B0B4F39R58?plink=OuVyXdtGh4hysXVS&ref=a_adblbests_c3_adblp13nbssp_4_20&pf_rd_p=4100380b-3e9d-4594-990a-9c93d1a8dac3&pf_rd_r=CAN490V5TSQHN2WN31EV
81. Daisy Jones & The Six,A Novel,"Narrated by: Jennifer Beals, Benjamin Bratt, Judy Greer, Pablo Schreiber",Length: 9 hrs and 3 mins,Release date: 03-05-19,Language: English,"4.5 out of 5 stars
31,802 ratings",$15.74,https://www.audible.com/pd/Daisy-Jones-The-Six-Audiobook/1984845306?plink=OuVyXdtGh4hysXVS&ref=a_adblbests_c3_adblp13nbssp_5_1&pf_rd_p=4100380b-3e9d-4594-990a-9c93d1a8dac3&pf_rd_r=QNC257R4KGQ4589ZJ23X
82. How Magicians Think,"Misdirection, Deception, and Why Magic Matters",Narrated by: Joshua Jay,Length: 7 hrs and 40 mins,Release date: 07-15-22,Language: English,"5 out of 5 stars
75 ratings",$16.95,https://www.audible.com/pd/How-Magicians-Think-Audiobook/B0B6QCN8JB?plink=OuVyXdtGh4hysXVS&ref=a_adblbests_c3_adblp13nbssp_5_2&pf_rd_p=4100380b-3e9d-4594-990a-9c93d1a8dac3&pf_rd_r=QNC257R4KGQ4589ZJ23X
83. Starry Messenger,Cosmic Perspectives on Civilization,Narrated by: Neil deGrasse Tyson,Length: 7 hrs and 17 mins,Release date: 09-20-22,Language: English,"5 out of 5 stars
2,018 ratings",$15.49,https://www.audible.com/pd/Starry-Messenger-Audiobook/B09Q7SMLX8?plink=OuVyXdtGh4hysXVS&ref=a_adblbests_c3_adblp13nbssp_5_3&pf_rd_p=4100380b-3e9d-4594-990a-9c93d1a8dac3&pf_rd_r=QNC257R4KGQ4589ZJ23X
84. The Fellowship of the Ring,Book One in The Lord of the Rings Trilogy,Narrated by: Rob Inglis,Length: 19 hrs and 7 mins,Release date: 10-09-12,Language: English,"5 out of 5 stars
61,855 ratings",$38.49,https://www.audible.com/pd/The-Fellowship-of-the-Ring-Audiobook/B0099RKRTY?plink=OuVyXdtGh4hysXVS&ref=a_adblbests_c3_adblp13nbssp_5_4&pf_rd_p=4100380b-3e9d-4594-990a-9c93d1a8dac3&pf_rd_r=QNC257R4KGQ4589ZJ23X
85. And There Was Light,Abraham Lincoln and the American Struggle,Narrated by: Jon Meacham,Length: 17 hrs and 49 mins,Release date: 10-18-22,Language: English,"5 out of 5 stars
786 ratings",$38.50,https://www.audible.com/pd/And-There-Was-Light-Audiobook/B09W34YVLL?plink=OuVyXdtGh4hysXVS&ref=a_adblbests_c3_adblp13nbssp_5_5&pf_rd_p=4100380b-3e9d-4594-990a-9c93d1a8dac3&pf_rd_r=QNC257R4KGQ4589ZJ23X
86. The Untethered Soul,The Journey Beyond Yourself,Narrated by: Peter Berkrot,Length: 6 hrs and 11 mins,Release date: 12-12-11,Language: English,"4.5 out of 5 stars
27,792 ratings",$24.49,https://www.audible.com/pd/The-Untethered-Soul-Audiobook/B006IE4OY0?plink=OuVyXdtGh4hysXVS&ref=a_adblbests_c3_adblp13nbssp_5_6&pf_rd_p=4100380b-3e9d-4594-990a-9c93d1a8dac3&pf_rd_r=QNC257R4KGQ4589ZJ23X
87. How to Talk to Anyone,92 Little Tricks for Big Success in Relationships,"Narrated by: Joyce Bean, Leil Lowndes",Length: 8 hrs and 59 mins,Release date: 09-01-15,Language: English,"4 out of 5 stars
11,609 ratings",$16.95,https://www.audible.com/pd/How-to-Talk-to-Anyone-Audiobook/B013F5WEZK?plink=OuVyXdtGh4hysXVS&ref=a_adblbests_c3_adblp13nbssp_5_7&pf_rd_p=4100380b-3e9d-4594-990a-9c93d1a8dac3&pf_rd_r=QNC257R4KGQ4589ZJ23X
88. The Way of Kings,"The Stormlight Archive, Book 1","Narrated by: Kate Reading, Michael Kramer",Length: 45 hrs and 30 mins,Release date: 08-31-10,Language: English,"5 out of 5 stars
95,477 ratings",$26.99,https://www.audible.com/pd/The-Way-of-Kings-Audiobook/B003ZWFO7E?plink=OuVyXdtGh4hysXVS&ref=a_adblbests_c3_adblp13nbssp_5_8&pf_rd_p=4100380b-3e9d-4594-990a-9c93d1a8dac3&pf_rd_r=QNC257R4KGQ4589ZJ23X
89. Wrong Place Wrong Time,A Novel,Narrated by: Lesley Sharp,Length: 10 hrs and 7 mins,Release date: 08-02-22,Language: English,"4.5 out of 5 stars
9,496 ratings",$25.90,https://www.audible.com/pd/Wrong-Place-Wrong-Time-Audiobook/B09PSLK4X2?plink=OuVyXdtGh4hysXVS&ref=a_adblbests_c3_adblp13nbssp_5_9&pf_rd_p=4100380b-3e9d-4594-990a-9c93d1a8dac3&pf_rd_r=QNC257R4KGQ4589ZJ23X
90. Marshal Arcane,"Spellmonger, Book 15",Narrated by: John Lee,Length: 21 hrs and 45 mins,Release date: 12-06-22,Language: English,"5 out of 5 stars
1,946 ratings",$59.99,https://www.audible.com/pd/Marshal-Arcane-Audiobook/B0BDP46JN1?plink=OuVyXdtGh4hysXVS&ref=a_adblbests_c3_adblp13nbssp_5_10&pf_rd_p=4100380b-3e9d-4594-990a-9c93d1a8dac3&pf_rd_r=QNC257R4KGQ4589ZJ23X
91. November 9,A Novel,"Narrated by: Zachary Webber, Angela Goethals",Length: 9 hrs and 46 mins,Release date: 11-10-15,Language: English,"4.5 out of 5 stars
18,783 ratings",$16.72,https://www.audible.com/pd/November-9-Audiobook/B0176UVW1W?plink=OuVyXdtGh4hysXVS&ref=a_adblbests_c3_adblp13nbssp_5_11&pf_rd_p=4100380b-3e9d-4594-990a-9c93d1a8dac3&pf_rd_r=QNC257R4KGQ4589ZJ23X
92. The Final Empire,Mistborn Book 1,Narrated by: Michael Kramer,Length: 24 hrs and 39 mins,Release date: 12-28-08,Language: English,"5 out of 5 stars
81,636 ratings",$33.94,https://www.audible.com/pd/The-Final-Empire-Audiobook/B002V0QCYU?plink=OuVyXdtGh4hysXVS&ref=a_adblbests_c3_adblp13nbssp_5_12&pf_rd_p=4100380b-3e9d-4594-990a-9c93d1a8dac3&pf_rd_r=QNC257R4KGQ4589ZJ23X
93. The Alchemist,A Fable About Following Your Dream,Narrated by: Jeremy Irons,Length: 4 hrs,Release date: 12-26-04,Language: English,"4.5 out of 5 stars
77,013 ratings",$17.24,https://www.audible.com/pd/The-Alchemist-Audiobook/B002V0Q4LG?plink=OuVyXdtGh4hysXVS&ref=a_adblbests_c3_adblp13nbssp_5_13&pf_rd_p=4100380b-3e9d-4594-990a-9c93d1a8dac3&pf_rd_r=QNC257R4KGQ4589ZJ23X
94. A Court of Mist and Fury,no subtitle,Narrated by: Jennifer Ikeda,Length: 23 hrs and 16 mins,Release date: 05-03-16,Language: English,"5 out of 5 stars
26,800 ratings",$41.99,https://www.audible.com/pd/A-Court-of-Mist-and-Fury-Audiobook/B01DYO4QRQ?plink=OuVyXdtGh4hysXVS&ref=a_adblbests_c3_adblp13nbssp_5_14&pf_rd_p=4100380b-3e9d-4594-990a-9c93d1a8dac3&pf_rd_r=QNC257R4KGQ4589ZJ23X
95. The Five Love Languages: The Secret to Love That Lasts,no subtitle,Narrated by: Gary Chapman,Length: 4 hrs and 46 mins,Release date: 12-26-04,Language: English,"5 out of 5 stars
40,493 ratings",$24.49,https://www.audible.com/pd/The-Five-Love-Languages-The-Secret-to-Love-That-Lasts-Audiobook/B002V0GGFK?plink=OuVyXdtGh4hysXVS&ref=a_adblbests_c3_adblp13nbssp_5_15&pf_rd_p=4100380b-3e9d-4594-990a-9c93d1a8dac3&pf_rd_r=QNC257R4KGQ4589ZJ23X
96. The Midnight Library,A Novel,Narrated by: Carey Mulligan,Length: 8 hrs and 50 mins,Release date: 09-29-20,Language: English,"4.5 out of 5 stars
56,139 ratings",$16.72,https://www.audible.com/pd/The-Midnight-Library-Audiobook/059334023X?plink=OuVyXdtGh4hysXVS&ref=a_adblbests_c3_adblp13nbssp_5_16&pf_rd_p=4100380b-3e9d-4594-990a-9c93d1a8dac3&pf_rd_r=QNC257R4KGQ4589ZJ23X
97. The Sandman,no subtitle,"Narrated by: Riz Ahmed, Kat Dennings, Taron Egerton, Neil Gaiman, James McAvoy, Samantha Morton, Bebe Neuwirth, Andy Serkis, Michael Sheen",Length: 11 hrs and 2 mins,Release date: 07-15-20,Language: English,"4.5 out of 5 stars
50,368 ratings",$34.95,https://www.audible.com/pd/The-Sandman-Audiobook/B086WP794Z?plink=OuVyXdtGh4hysXVS&ref=a_adblbests_c3_adblp13nbssp_5_17&pf_rd_p=4100380b-3e9d-4594-990a-9c93d1a8dac3&pf_rd_r=QNC257R4KGQ4589ZJ23X
98. Endure,"How to Work Hard, Outlast, and Keep Hammering","Narrated by: Cameron Hanes, David Goggins, Joe Rogan",Length: 7 hrs and 42 mins,Release date: 05-17-22,Language: English,"5 out of 5 stars
11,782 ratings",$14.95,https://www.audible.com/pd/Endure-Audiobook/1250852013?plink=OuVyXdtGh4hysXVS&ref=a_adblbests_c3_adblp13nbssp_5_18&pf_rd_p=4100380b-3e9d-4594-990a-9c93d1a8dac3&pf_rd_r=QNC257R4KGQ4589ZJ23X
99. A Court of Wings and Ruin,no subtitle,Narrated by: Amanda Leigh Cobb,Length: 25 hrs and 9 mins,Release date: 05-02-17,Language: English,"5 out of 5 stars
20,563 ratings",$31.49,https://www.audible.com/pd/A-Court-of-Wings-and-Ruin-Audiobook/B072BFQF1N?plink=OuVyXdtGh4hysXVS&ref=a_adblbests_c3_adblp13nbssp_5_19&pf_rd_p=4100380b-3e9d-4594-990a-9c93d1a8dac3&pf_rd_r=QNC257R4KGQ4589ZJ23X
100. A Promised Land,no subtitle,Narrated by: Barack Obama,Length: 29 hrs and 10 mins,Release date: 11-17-20,Language: English,"5 out of 5 stars
52,272 ratings",$29.94,https://www.audible.com/pd/A-Promised-Land-Audiobook/0525633723?plink=OuVyXdtGh4hysXVS&ref=a_adblbests_c3_adblp13nbssp_5_20&pf_rd_p=4100380b-3e9d-4594-990a-9c93d1a8dac3&pf_rd_r=QNC257R4KGQ4589ZJ23X
