movies;links;script
The Humbling (2014);movie/The_Humbling-1568343;
$ (1971);movie/-68152;
Blind Detective (2013);movie/Blind_Detective-2332707;
Killer Workout (1987);movie/Killer_Workout-91339;
All the Beauty and the Bloodshed (2022);movie/All_the_Beauty_and_the_Bloodshed-21374850;
Smart Girls Don't Talk (1948);movie/Smart_Girls_Dont_Talk-40802;
Puss in Boots: The Last Wish (2022);movie/Puss_in_Boots_The_Last_Wish-3915174;
Big Trip 2: Special Delivery (2022);movie/Big_Trip_2_Special_Delivery-9719256;
One Nation Under Stress (2019);movie/One_Nation_Under_Stress-10350078;
Black Adam (2022);movie/Black_Adam-6443346;
Robert Williams Mr. Bitchin' (2010);movie/Robert_Williams_Mr_Bitchin-1245098;
20th Century Girl (2022);movie/20th_Century_Girl-15340724;
Iliza Shlesinger: Hot Forever (2022);movie/Iliza_Shlesinger_Hot_Forever-22074270;
Who Killed Cooper Dunn? (2022);movie/Who_Killed_Cooper_Dunn-12960310;
Emily the Criminal (2022);movie/Emily_the_Criminal-15255876;
Confess, Fletch (2022);movie/Confess_Fletch-12718300;
The Fiction-Makers (1968);movie/The_Fiction-Makers-61662;
Honk for Jesus. Save Your Soul. (2022);movie/Honk_for_Jesus_Save_Your_Soul-12655436;
Nope (2022);movie/Nope-10954984;
Boomerang (1992);movie/Boomerang-103859;
Day Shift (2022);movie/Day_Shift-13314558;
Resurrection (2022);movie/Resurrection-11540726;
Not Okay (2022);movie/Not_Okay-14814040;
Spirited Away (2001);movie/Spirited_Away-245429;
Bhaag Milkha Bhaag (2013);movie/Bhaag_Milkha_Bhaag-2356180;
That's My Boy (2012);movie/Thats_My_Boy-1232200;
Tomorrow Will Be Better (2011);movie/Tomorrow_Will_Be_Better-1814746;
Maleficent (2014);movie/Maleficent-1587310;
The Nut Job (2014);movie/The_Nut_Job-1821658;
English Vinglish (2012);movie/English_Vinglish-2181931;
Phata Poster Nikhla Hero (2013);movie/Phata_Poster_Nikhla_Hero-2615584;
The Art of the Steal (2013);movie/The_Art_of_the_Steal-2172985;
Vampire Academy (2014);movie/Vampire_Academy-1686821;
Mud (2012);movie/Mud-1935179;
Penelope (2006);movie/Penelope-472160;
The Lucky One (2012);movie/The_Lucky_One-1327194;
10 Rillington Place (1971);movie/10_Rillington_Place-66730;
Virgin Stripped Bare by Her Bachelors (2000);movie/Virgin_Stripped_Bare_by_Her_Bachelors-253378;
The Time that Remains (2009);movie/The_Time_that_Remains-1037163;
L'uccello migratore (1972);movie/Luccello_migratore-69431;
